vessel,arrival_estimate,country_of_origin
COMMODORE,2026-02-20 23:49,US
HOBOKEN,2026-02-20 23:54,US
OLEANDER,2026-02-21 00:34,MH
LINDA SUE,2026-02-21 00:55,US
MSC MEXICO V,2026-02-21 02:36,LR
MSC NAGOYA V,2026-02-21 04:11,PA
REINAUER TWINS,2026-02-21 04:16,US
MSC SOFIA,2026-02-21 05:17,LR
MAERSK SHAMS,2026-02-21 06:19,SG
EVER MAGI,2026-02-21 06:35,SG
HAWSEPIPER,2026-02-21 10:38,US
GRAND ACE6,2026-02-21 11:12,PA
GREENLAND,2026-02-21 11:36,MT
MSC VERACRUZ V,2026-02-21 11:37,PT
STEPHANIE C,2026-02-21 12:24,MH
OCEANA,2026-02-21 14:01,AG
VIKING ODESSA,2026-02-21 19:18,MH
CINDY GLORY,2026-02-22 02:38,MH
DIAMOND COAST,2026-02-22 03:33,US
ODYSSEY OF THE SEAS,2026-02-22 05:49,BS
WECO SENNA,2026-02-22 13:23,MH
AQUALEGEND,2026-02-22 13:29,LR
GSL CHRISTEL ELISABE,2026-02-22 13:42,LR
INTRA RECOIL,2026-02-22 16:14,US
MSC AUDREY,2026-02-22 17:51,LR
CAPTAIN HANK,2026-02-22 21:06,US
D.GRAY KIMEL,2026-02-22 21:41,US
TORM DAGMAR,2026-02-23 06:17,SG
STI MYTHIC,2026-02-23 06:26,MH
MONTE TAMARO,2026-02-23 07:41,SG
MARIANNE SCHULTE,2026-02-23 07:44,SG
GOLD COAST,2026-02-23 10:24,US
MSC JOSSELINE,2026-02-23 16:36,LR
ISLAND EXPLORER,2026-02-23 20:26,US
CORNELIA MAERSK,2026-02-23 23:56,DK
SILVER LINDA,2026-02-24 00:10,PA
DIXIE TRADER,2026-02-24 09:45,US
ARUNA EAGLE,2026-02-24 19:16,MH
NICOS TOMASOS,2026-02-24 23:07,MT
SIGNET LIGHTNING,2026-02-25 01:24,US
NHAVA SHEVA EXPRESS,2026-02-25 05:22,LR
EVER FAITH,2026-02-25 10:02,PA
ATB FREEPORT,2026-02-25 18:17,US
MSC UBERTY VIII,2026-02-25 23:51,CY
CMA CGM ABU DHABI,2026-02-26 13:25,MT
GOLDEN PALM,2026-02-26 18:33,LR
CHEMICAL CHALLENGER,2026-02-27 03:00,MT
WAN HAI A10,2026-02-27 03:16,SG
JACE JAMES,2026-02-27 05:31,US
PACIFIC NEXUS,2026-02-27 22:11,PA
AMERICA,2026-02-27 22:20,CY
LYSIAS,2026-02-27 23:28,MT
PL GERMANY,2026-02-28 03:09,SG
ARCTIC DAWN,2026-02-28 13:17,US
OOCL GUANGZHOU,2026-02-28 16:11,HK
ANTWERPEN EXPRESS,2026-03-02 00:20,DE
KAAN KALKAVAN,2026-03-04 11:05,TR
NORD MIYAKO,2026-03-05 17:50,MH
AGIOS CHARALAMBOS,2026-03-06 15:02,LR
TENO,2026-03-07 04:53,LR
SOUTHAMPTON EXPRESS,2026-03-07 18:22,PT
MAERSK PITTSBURGH,2026-03-08 20:42,US
JOHN R WILLIAMS,2026-03-11 07:22,US
SFL MAUI,2026-04-20 23:29,LR
